{"visual/train":{"sha256":"6a04a040f39869afa3973ed3cc01bf1b1be6c113a1d358fc6a270b3878d31a02","size":2215,"artifact_path":"wandb-client-artifact://5s289x7ie7j2jbi5psyrembn6drg825e85pfbwe90jaof34049vw77k6uk1ny2voyoz7x7ewpjhuo6y1wp7m1cl5ddgwx73t0g5u396m1fayb0tflj5hj0f1spyb99a0/visual/train.table.json","_latest_artifact_path":"wandb-client-artifact://5mn9xwhl75npj8q0jn3e1v5j13dmad56vtqk5no99xhon4pw7vgwc8yf9hskc6g4eyp2k1axj5m227ekktt3ecbcgldari82zoglydl9fv9gzqj6ux7o4bh7x8i5qiqj:latest/visual/train.table.json","path":"media/table/visual/train_13_6a04a040f39869afa397.table.json","ncols":5,"nrows":7,"_type":"table-file"},"loss/train_sline_l2r_ce_loss":5.897773742675781,"loss/train_bline_ce_loss":5.917448997497559,"loss/train_sline_r2l_ce_loss":5.931761264801025,"loss/train_loss":41.409637451171875,"loss/train_mline_r2l_ce_loss":5.893545627593994,"epoch":0,"_wandb":{"runtime":23},"loss/train_plain_r2l_ce_loss":5.920106887817383,"visual/val":{"_type":"table-file","sha256":"deb651fe70091eb3b99221e4054b265f2f801c5a04dfd172f839ea0c83b724ca","size":2354,"artifact_path":"wandb-client-artifact://cy7uw3p0bs06hya8k81eez9zoq4a1a1sk45z7cl31f33ikhgl2qtgvm9bbp8g34pts6mcn35u2f49oxfzdaw4czskixlez8sxpldb7nnu4lhxolc5xb81ptf85682j09/visual/val.table.json","_latest_artifact_path":"wandb-client-artifact://e132pktu8rfx0qo46k0pk943l2nyeylduxjq60c4yjfsyfmozeo2h2hsv92gcr18e1apq4sggqr4e0g9zj3gwbo6fe0rvwv6n22a5rgjpmccikrq85io4ul0p4ybkwk5:latest/visual/val.table.json","path":"media/table/visual/val_6_deb651fe70091eb3b992.table.json","ncols":5,"nrows":7},"trainer/global_step":39,"loss/train_mline_l2r_ce_loss":5.906275272369385,"_step":15,"_timestamp":1.7405619069217713e+09,"_runtime":22.401332767,"loss/train_plain_l2r_ce_loss":5.942723274230957}