{"loss/val_plain_r2l_ce_loss":0.057873692363500595,"loss/val_loss":0.3554910719394684,"epoch":39,"loss/val_mline_l2r_ce_loss":0.047182999551296234,"_wandb":{"runtime":107641},"_runtime":107640.101040825,"visual/val":{"size":2425,"artifact_path":"wandb-client-artifact://gxvqar13fi0ou0z3wlbhhsa0x9qezjccb3t2gadz8f1pnzuelw59c297slf5yxsdq05q5lw09ypkmsofpxruaej2ze60fm0p3adouwunq7kdgd8rcuao759ijbrvd7z4/visual/val.table.json","_latest_artifact_path":"wandb-client-artifact://ik3ceyegafn8di9ydsm9e1yf57otayl1dne6dp3y8643os2hbhk3eqjzoa523moya3xe31v88qm3qdh60ynygaupuguz31ig6yoz5hznaah43wsgxt9nb9k6fdz4qa4f:latest/visual/val.table.json","path":"media/table/visual/val_20076_5007f63fbc07f99fe7b7.table.json","ncols":5,"nrows":7,"_type":"table-file","sha256":"5007f63fbc07f99fe7b7cf8cbfb0c002245900a353fed0e690d342a4db9d7644"},"loss/val_mline_r2l_ce_loss":0.048717811703681946,"loss/train_mline_l2r_ce_loss":0.056748680770397186,"loss/val_bline_ce_loss":0.05595335364341736,"loss/train_sline_r2l_ce_loss":0.06238050013780594,"loss/train_plain_r2l_ce_loss":0.0622219555079937,"loss/val_sline_r2l_ce_loss":0.04569143056869507,"loss/train_sline_l2r_ce_loss":0.07022896409034729,"loss/train_mline_r2l_ce_loss":0.05432429537177086,"loss/val_plain_l2r_ce_loss":0.05640261992812157,"trainer/learning_rate":9.597690950613469e-05,"loss/val_sline_l2r_ce_loss":0.043668925762176514,"visual/train":{"artifact_path":"wandb-client-artifact://ewwv4zbhb40lcs4nw2mptrwk80hfyeq9p3r1h5jj7w1xi9yf8ttpwrcuquidsa9gygylzl5gjzfadfa1ibu118r3ekiqs0aa84ev1h851lf5zmok7baimr5v10wkz23y/visual/train.table.json","_latest_artifact_path":"wandb-client-artifact://kyn3b0abxtqfms9i9gldirci9kwuc4uydtoo6000g8cnlwspdqfgwxfum0i51eejfoaxcylvrfr9vkzz2ihnmap311ctfad9k19my41rffickrw99rrwlvv3ds7crrug:latest/visual/train.table.json","path":"media/table/visual/train_20084_380f9a71222633c6a837.table.json","ncols":5,"nrows":7,"_type":"table-file","sha256":"380f9a71222633c6a8373a6f5644a51f26c701195fcfbe2ce9dd3bdfd8868037","size":2595},"loss/train_plain_l2r_ce_loss":0.05930522084236145,"loss/train_bline_ce_loss":0.06763433665037155,"loss/train_loss":0.43284398317337036,"_step":20524,"_timestamp":1.74056180335316e+09,"trainer/global_step":398519}